# Frequency, Fit
7.69231e-02, 2.16837e-04
1.53846e-01, 8.60358e-04
2.30769e-01, 1.91687e-03
3.07692e-01, 3.36864e-03
3.84615e-01, 5.19432e-03
4.61538e-01, 7.36938e-03
5.38462e-01, 9.86665e-03
6.15385e-01, 1.26569e-02
6.92308e-01, 1.57094e-02
7.69231e-01, 1.89927e-02
8.46154e-01, 2.24747e-02
9.23077e-01, 2.61239e-02
1.00000e+00, 2.99090e-02
1.07692e+00, 3.38001e-02
1.15385e+00, 3.77687e-02
1.23077e+00, 4.17879e-02
1.30769e+00, 4.58327e-02
1.38462e+00, 4.98800e-02
1.46154e+00, 5.39091e-02
1.53846e+00, 5.79012e-02
1.61538e+00, 6.18398e-02
1.69231e+00, 6.57104e-02
1.76923e+00, 6.95004e-02
1.84615e+00, 7.31992e-02
1.92308e+00, 7.67981e-02
2.00000e+00, 8.02897e-02
2.07692e+00, 8.36683e-02
2.15385e+00, 8.69297e-02
2.23077e+00, 9.00707e-02
2.30769e+00, 9.30892e-02
2.38462e+00, 9.59842e-02
2.46154e+00, 9.87553e-02
2.53846e+00, 1.01403e-01
2.61538e+00, 1.03929e-01
2.69231e+00, 1.06334e-01
2.76923e+00, 1.08620e-01
2.84615e+00, 1.10791e-01
2.92308e+00, 1.12848e-01
3.00000e+00, 1.14795e-01
3.07692e+00, 1.16634e-01
3.15385e+00, 1.18369e-01
3.23077e+00, 1.20004e-01
3.30769e+00, 1.21541e-01
3.38462e+00, 1.22985e-01
3.46154e+00, 1.24338e-01
3.53846e+00, 1.25604e-01
3.61538e+00, 1.26786e-01
3.69231e+00, 1.27889e-01
3.76923e+00, 1.28914e-01
3.84615e+00, 1.29865e-01
3.92308e+00, 1.30746e-01
4.00000e+00, 1.31559e-01
4.07692e+00, 1.32307e-01
4.15385e+00, 1.32993e-01
4.23077e+00, 1.33621e-01
4.30769e+00, 1.34191e-01
4.38462e+00, 1.34708e-01
4.46154e+00, 1.35172e-01
4.53846e+00, 1.35588e-01
4.61538e+00, 1.35957e-01
4.69231e+00, 1.36281e-01
4.76923e+00, 1.36562e-01
4.84615e+00, 1.36802e-01
4.92308e+00, 1.37003e-01
5.00000e+00, 1.37167e-01
5.07692e+00, 1.37296e-01
5.15385e+00, 1.37392e-01
5.23077e+00, 1.37455e-01
5.30769e+00, 1.37487e-01
5.38462e+00, 1.37491e-01
5.46154e+00, 1.37467e-01
5.53846e+00, 1.37416e-01
5.61538e+00, 1.37340e-01
5.69231e+00, 1.37240e-01
5.76923e+00, 1.37118e-01
5.84615e+00, 1.36973e-01
5.92308e+00, 1.36808e-01
6.00000e+00, 1.36623e-01
6.07692e+00, 1.36420e-01
6.15385e+00, 1.36199e-01
6.23077e+00, 1.35960e-01
6.30769e+00, 1.35706e-01
6.38462e+00, 1.35436e-01
6.46154e+00, 1.35152e-01
6.53846e+00, 1.34854e-01
6.61538e+00, 1.34543e-01
6.69231e+00, 1.34219e-01
6.76923e+00, 1.33883e-01
6.84615e+00, 1.33536e-01
6.92308e+00, 1.33179e-01
7.00000e+00, 1.32811e-01
7.07692e+00, 1.32433e-01
7.15385e+00, 1.32047e-01
7.23077e+00, 1.31651e-01
7.30769e+00, 1.31248e-01
7.38462e+00, 1.30836e-01
7.46154e+00, 1.30418e-01
7.53846e+00, 1.29992e-01
7.61538e+00, 1.29560e-01
7.69231e+00, 1.29121e-01
7.76923e+00, 1.28677e-01
7.84615e+00, 1.28227e-01
7.92308e+00, 1.27772e-01
8.00000e+00, 1.27312e-01
8.07692e+00, 1.26848e-01
8.15385e+00, 1.26379e-01
8.23077e+00, 1.25906e-01
8.30769e+00, 1.25429e-01
8.38462e+00, 1.24949e-01
8.46154e+00, 1.24465e-01
8.53846e+00, 1.23978e-01
8.61538e+00, 1.23488e-01
8.69231e+00, 1.22996e-01
8.76923e+00, 1.22501e-01
8.84615e+00, 1.22004e-01
8.92308e+00, 1.21504e-01
9.00000e+00, 1.21003e-01
9.07692e+00, 1.20500e-01
9.15385e+00, 1.19995e-01
9.23077e+00, 1.19489e-01
9.30769e+00, 1.18982e-01
9.38462e+00, 1.18473e-01
9.46154e+00, 1.17964e-01
9.53846e+00, 1.17453e-01
9.61538e+00, 1.16942e-01
9.69231e+00, 1.16430e-01
9.76923e+00, 1.15917e-01
9.84615e+00, 1.15404e-01
9.92308e+00, 1.14891e-01
1.00000e+01, 1.14377e-01
1.00769e+01, 1.13863e-01
1.01538e+01, 1.13349e-01
1.02308e+01, 1.12836e-01
1.03077e+01, 1.12322e-01
1.03846e+01, 1.11808e-01
1.04615e+01, 1.11295e-01
1.05385e+01, 1.10782e-01
1.06154e+01, 1.10270e-01
1.06923e+01, 1.09758e-01
1.07692e+01, 1.09247e-01
1.08462e+01, 1.08736e-01
1.09231e+01, 1.08226e-01
1.10000e+01, 1.07716e-01
1.10769e+01, 1.07208e-01
1.11538e+01, 1.06700e-01
1.12308e+01, 1.06193e-01
1.13077e+01, 1.05688e-01
1.13846e+01, 1.05183e-01
1.14615e+01, 1.04679e-01
1.15385e+01, 1.04176e-01
1.16154e+01, 1.03675e-01
1.16923e+01, 1.03174e-01
1.17692e+01, 1.02675e-01
1.18462e+01, 1.02177e-01
1.19231e+01, 1.01680e-01
1.20000e+01, 1.01185e-01
1.20769e+01, 1.00691e-01
1.21538e+01, 1.00198e-01
1.22308e+01, 9.97069e-02
1.23077e+01, 9.92170e-02
1.23846e+01, 9.87286e-02
1.24615e+01, 9.82416e-02
1.25385e+01, 9.77562e-02
1.26154e+01, 9.72723e-02
1.26923e+01, 9.67899e-02
1.27692e+01, 9.63091e-02
1.28462e+01, 9.58298e-02
1.29231e+01, 9.53522e-02
1.30000e+01, 9.48762e-02
1.30769e+01, 9.44018e-02
1.31538e+01, 9.39291e-02
1.32308e+01, 9.34580e-02
1.33077e+01, 9.29886e-02
1.33846e+01, 9.25209e-02
1.34615e+01, 9.20549e-02
1.35385e+01, 9.15907e-02
1.36154e+01, 9.11282e-02
1.36923e+01, 9.06674e-02
1.37692e+01, 9.02083e-02
1.38462e+01, 8.97510e-02
1.39231e+01, 8.92955e-02
1.40000e+01, 8.88418e-02
1.40769e+01, 8.83899e-02
1.41538e+01, 8.79397e-02
1.42308e+01, 8.74914e-02
1.43077e+01, 8.70448e-02
1.43846e+01, 8.66001e-02
1.44615e+01, 8.61572e-02
1.45385e+01, 8.57161e-02
1.46154e+01, 8.52768e-02
1.46923e+01, 8.48394e-02
1.47692e+01, 8.44037e-02
1.48462e+01, 8.39700e-02
1.49231e+01, 8.35380e-02
1.50000e+01, 8.31079e-02
1.50769e+01, 8.26797e-02
1.51538e+01, 8.22533e-02
1.52308e+01, 8.18287e-02
1.53077e+01, 8.14060e-02
1.53846e+01, 8.09851e-02
1.54615e+01, 8.05661e-02
1.55385e+01, 8.01489e-02
1.56154e+01, 7.97336e-02
1.56923e+01, 7.93201e-02
1.57692e+01, 7.89085e-02
1.58462e+01, 7.84987e-02
1.59231e+01, 7.80907e-02
1.60000e+01, 7.76846e-02
1.60769e+01, 7.72804e-02
1.61538e+01, 7.68780e-02
1.62308e+01, 7.64774e-02
1.63077e+01, 7.60786e-02
1.63846e+01, 7.56817e-02
1.64615e+01, 7.52867e-02
1.65385e+01, 7.48934e-02
1.66154e+01, 7.45020e-02
1.66923e+01, 7.41124e-02
1.67692e+01, 7.37246e-02
1.68462e+01, 7.33386e-02
1.69231e+01, 7.29545e-02
1.70000e+01, 7.25721e-02
1.70769e+01, 7.21916e-02
1.71538e+01, 7.18128e-02
1.72308e+01, 7.14359e-02
1.73077e+01, 7.10607e-02
1.73846e+01, 7.06874e-02
1.74615e+01, 7.03158e-02
1.75385e+01, 6.99460e-02
1.76154e+01, 6.95780e-02
1.76923e+01, 6.92117e-02
1.77692e+01, 6.88473e-02
1.78462e+01, 6.84845e-02
1.79231e+01, 6.81236e-02
1.80000e+01, 6.77643e-02
1.80769e+01, 6.74069e-02
1.81538e+01, 6.70511e-02
1.82308e+01, 6.66971e-02
1.83077e+01, 6.63449e-02
1.83846e+01, 6.59943e-02
1.84615e+01, 6.56455e-02
1.85385e+01, 6.52984e-02
1.86154e+01, 6.49530e-02
1.86923e+01, 6.46093e-02
1.87692e+01, 6.42673e-02
1.88462e+01, 6.39270e-02
1.89231e+01, 6.35884e-02
1.90000e+01, 6.32514e-02
1.90769e+01, 6.29161e-02
1.91538e+01, 6.25825e-02
1.92308e+01, 6.22506e-02
1.93077e+01, 6.19203e-02
1.93846e+01, 6.15917e-02
1.94615e+01, 6.12647e-02
1.95385e+01, 6.09393e-02
1.96154e+01, 6.06156e-02
1.96923e+01, 6.02935e-02
1.97692e+01, 5.99730e-02
1.98462e+01, 5.96541e-02
1.99231e+01, 5.93369e-02
2.00000e+01, 5.90212e-02
2.00769e+01, 5.87072e-02
2.01538e+01, 5.83947e-02
2.02308e+01, 5.80838e-02
2.03077e+01, 5.77744e-02
2.03846e+01, 5.74667e-02
2.04615e+01, 5.71605e-02
2.05385e+01, 5.68559e-02
2.06154e+01, 5.65528e-02
2.06923e+01, 5.62512e-02
2.07692e+01, 5.59512e-02
2.08462e+01, 5.56527e-02
2.09231e+01, 5.53558e-02
2.10000e+01, 5.50604e-02
2.10769e+01, 5.47664e-02
2.11538e+01, 5.44740e-02
2.12308e+01, 5.41831e-02
2.13077e+01, 5.38937e-02
2.13846e+01, 5.36057e-02
2.14615e+01, 5.33192e-02
2.15385e+01, 5.30343e-02
2.16154e+01, 5.27507e-02
2.16923e+01, 5.24687e-02
2.17692e+01, 5.21880e-02
2.18462e+01, 5.19089e-02
2.19231e+01, 5.16311e-02
2.20000e+01, 5.13549e-02
2.20769e+01, 5.10800e-02
2.21538e+01, 5.08065e-02
2.22308e+01, 5.05345e-02
2.23077e+01, 5.02639e-02
2.23846e+01, 4.99947e-02
2.24615e+01, 4.97269e-02
2.25385e+01, 4.94604e-02
2.26154e+01, 4.91954e-02
2.26923e+01, 4.89317e-02
2.27692e+01, 4.86694e-02
2.28462e+01, 4.84084e-02
2.29231e+01, 4.81489e-02
2.30000e+01, 4.78906e-02
2.30769e+01, 4.76337e-02
2.31538e+01, 4.73782e-02
2.32308e+01, 4.71240e-02
2.33077e+01, 4.68711e-02
2.33846e+01, 4.66195e-02
2.34615e+01, 4.63693e-02
2.35385e+01, 4.61203e-02
2.36154e+01, 4.58727e-02
2.36923e+01, 4.56263e-02
2.37692e+01, 4.53813e-02
2.38462e+01, 4.51375e-02
2.39231e+01, 4.48950e-02
2.40000e+01, 4.46538e-02
2.40769e+01, 4.44138e-02
2.41538e+01, 4.41751e-02
2.42308e+01, 4.39376e-02
2.43077e+01, 4.37014e-02
2.43846e+01, 4.34665e-02
2.44615e+01, 4.32327e-02
2.45385e+01, 4.30002e-02
2.46154e+01, 4.27690e-02
2.46923e+01, 4.25389e-02
2.47692e+01, 4.23100e-02
2.48462e+01, 4.20824e-02
2.49231e+01, 4.18559e-02
2.50000e+01, 4.16307e-02
2.50769e+01, 4.14066e-02
2.51538e+01, 4.11837e-02
2.52308e+01, 4.09620e-02
2.53077e+01, 4.07415e-02
2.53846e+01, 4.05221e-02
2.54615e+01, 4.03039e-02
2.55385e+01, 4.00868e-02
2.56154e+01, 3.98709e-02
2.56923e+01, 3.96561e-02
2.57692e+01, 3.94425e-02
2.58462e+01, 3.92300e-02
2.59231e+01, 3.90186e-02
2.60000e+01, 3.88083e-02
2.60769e+01, 3.85992e-02
2.61538e+01, 3.83911e-02
2.62308e+01, 3.81842e-02
2.63077e+01, 3.79783e-02
2.63846e+01, 3.77736e-02
2.64615e+01, 3.75699e-02
2.65385e+01, 3.73673e-02
2.66154e+01, 3.71658e-02
2.66923e+01, 3.69653e-02
2.67692e+01, 3.67660e-02
2.68462e+01, 3.65676e-02
2.69231e+01, 3.63704e-02
2.70000e+01, 3.61741e-02
2.70769e+01, 3.59790e-02
2.71538e+01, 3.57848e-02
2.72308e+01, 3.55917e-02
2.73077e+01, 3.53996e-02
2.73846e+01, 3.52086e-02
2.74615e+01, 3.50185e-02
2.75385e+01, 3.48295e-02
2.76154e+01, 3.46415e-02
2.76923e+01, 3.44544e-02
2.77692e+01, 3.42684e-02
2.78462e+01, 3.40834e-02
2.79231e+01, 3.38993e-02
2.80000e+01, 3.37162e-02
2.80769e+01, 3.35341e-02
2.81538e+01, 3.33530e-02
2.82308e+01, 3.31728e-02
2.83077e+01, 3.29936e-02
2.83846e+01, 3.28154e-02
2.84615e+01, 3.26381e-02
2.85385e+01, 3.24618e-02
2.86154e+01, 3.22864e-02
2.86923e+01, 3.21119e-02
2.87692e+01, 3.19384e-02
2.88462e+01, 3.17657e-02
2.89231e+01, 3.15941e-02
2.90000e+01, 3.14233e-02
2.90769e+01, 3.12534e-02
2.91538e+01, 3.10845e-02
2.92308e+01, 3.09164e-02
2.93077e+01, 3.07493e-02
2.93846e+01, 3.05830e-02
2.94615e+01, 3.04177e-02
2.95385e+01, 3.02532e-02
2.96154e+01, 3.00896e-02
2.96923e+01, 2.99269e-02
2.97692e+01, 2.97650e-02
2.98462e+01, 2.96040e-02
2.99231e+01, 2.94439e-02
3.00000e+01, 2.92846e-02
3.00769e+01, 2.91262e-02
3.01538e+01, 2.89686e-02
3.02308e+01, 2.88119e-02
3.03077e+01, 2.86560e-02
3.03846e+01, 2.85010e-02
3.04615e+01, 2.83468e-02
3.05385e+01, 2.81934e-02
3.06154e+01, 2.80408e-02
3.06923e+01, 2.78891e-02
3.07692e+01, 2.77381e-02
3.08462e+01, 2.75880e-02
3.09231e+01, 2.74387e-02
3.10000e+01, 2.72902e-02
3.10769e+01, 2.71424e-02
3.11538e+01, 2.69955e-02
3.12308e+01, 2.68494e-02
3.13077e+01, 2.67040e-02
3.13846e+01, 2.65594e-02
3.14615e+01, 2.64156e-02
3.15385e+01, 2.62726e-02
3.16154e+01, 2.61304e-02
3.16923e+01, 2.59889e-02
3.17692e+01, 2.58481e-02
3.18462e+01, 2.57082e-02
3.19231e+01, 2.55689e-02
3.20000e+01, 2.54305e-02
3.20769e+01, 2.52927e-02
3.21538e+01, 2.51557e-02
3.22308e+01, 2.50195e-02
3.23077e+01, 2.48839e-02
3.23846e+01, 2.47491e-02
3.24615e+01, 2.46151e-02
3.25385e+01, 2.44817e-02
3.26154e+01, 2.43491e-02
3.26923e+01, 2.42172e-02
3.27692e+01, 2.40860e-02
3.28462e+01, 2.39555e-02
3.29231e+01, 2.38257e-02
3.30000e+01, 2.36966e-02
3.30769e+01, 2.35682e-02
3.31538e+01, 2.34404e-02
3.32308e+01, 2.33134e-02
3.33077e+01, 2.31871e-02
3.33846e+01, 2.30614e-02
3.34615e+01, 2.29364e-02
3.35385e+01, 2.28121e-02
3.36154e+01, 2.26885e-02
3.36923e+01, 2.25655e-02
3.37692e+01, 2.24432e-02
3.38462e+01, 2.23215e-02
3.39231e+01, 2.22005e-02
3.40000e+01, 2.20801e-02
3.40769e+01, 2.19604e-02
3.41538e+01, 2.18414e-02
3.42308e+01, 2.17230e-02
3.43077e+01, 2.16052e-02
3.43846e+01, 2.14881e-02
3.44615e+01, 2.13715e-02
3.45385e+01, 2.12557e-02
3.46154e+01, 2.11404e-02
3.46923e+01, 2.10258e-02
3.47692e+01, 2.09117e-02
3.48462e+01, 2.07983e-02
3.49231e+01, 2.06856e-02
3.50000e+01, 2.05734e-02
3.50769e+01, 2.04618e-02
3.51538e+01, 2.03508e-02
3.52308e+01, 2.02404e-02
3.53077e+01, 2.01307e-02
3.53846e+01, 2.00215e-02
3.54615e+01, 1.99129e-02
3.55385e+01, 1.98049e-02
3.56154e+01, 1.96974e-02
3.56923e+01, 1.95906e-02
3.57692e+01, 1.94843e-02
3.58462e+01, 1.93786e-02
3.59231e+01, 1.92735e-02
3.60000e+01, 1.91689e-02
3.60769e+01, 1.90649e-02
3.61538e+01, 1.89615e-02
3.62308e+01, 1.88586e-02
3.63077e+01, 1.87563e-02
3.63846e+01, 1.86545e-02
3.64615e+01, 1.85533e-02
3.65385e+01, 1.84526e-02
3.66154e+01, 1.83525e-02
3.66923e+01, 1.82529e-02
3.67692e+01, 1.81538e-02
3.68462e+01, 1.80553e-02
3.69231e+01, 1.79574e-02
3.70000e+01, 1.78599e-02
3.70769e+01, 1.77630e-02
3.71538e+01, 1.76666e-02
3.72308e+01, 1.75707e-02
3.73077e+01, 1.74753e-02
3.73846e+01, 1.73805e-02
3.74615e+01, 1.72861e-02
3.75385e+01, 1.71923e-02
3.76154e+01, 1.70990e-02
3.76923e+01, 1.70062e-02
3.77692e+01, 1.69139e-02
3.78462e+01, 1.68221e-02
3.79231e+01, 1.67307e-02
3.80000e+01, 1.66399e-02
3.80769e+01, 1.65496e-02
3.81538e+01, 1.64597e-02
3.82308e+01, 1.63704e-02
3.83077e+01, 1.62815e-02
3.83846e+01, 1.61931e-02
3.84615e+01, 1.61052e-02
3.85385e+01, 1.60178e-02
3.86154e+01, 1.59308e-02
3.86923e+01, 1.58443e-02
3.87692e+01, 1.57583e-02
3.88462e+01, 1.56727e-02
3.89231e+01, 1.55876e-02
3.90000e+01, 1.55030e-02
3.90769e+01, 1.54188e-02
3.91538e+01, 1.53351e-02
3.92308e+01, 1.52518e-02
3.93077e+01, 1.51690e-02
3.93846e+01, 1.50866e-02
3.94615e+01, 1.50047e-02
3.95385e+01, 1.49232e-02
3.96154e+01, 1.48422e-02
3.96923e+01, 1.47615e-02
3.97692e+01, 1.46814e-02
3.98462e+01, 1.46016e-02
3.99231e+01, 1.45223e-02
4.00000e+01, 1.44435e-02
4.00769e+01, 1.43650e-02
4.01538e+01, 1.42870e-02
4.02308e+01, 1.42094e-02
4.03077e+01, 1.41322e-02
4.03846e+01, 1.40555e-02
4.04615e+01, 1.39791e-02
4.05385e+01, 1.39032e-02
4.06154e+01, 1.38277e-02
4.06923e+01, 1.37526e-02
4.07692e+01, 1.36779e-02
4.08462e+01, 1.36036e-02
4.09231e+01, 1.35297e-02
4.10000e+01, 1.34562e-02
4.10769e+01, 1.33831e-02
4.11538e+01, 1.33104e-02
4.12308e+01, 1.32380e-02
4.13077e+01, 1.31661e-02
4.13846e+01, 1.30946e-02
4.14615e+01, 1.30235e-02
4.15385e+01, 1.29527e-02
4.16154e+01, 1.28823e-02
4.16923e+01, 1.28123e-02
4.17692e+01, 1.27427e-02
4.18462e+01, 1.26735e-02
4.19231e+01, 1.26046e-02
4.20000e+01, 1.25362e-02
4.20769e+01, 1.24680e-02
4.21538e+01, 1.24003e-02
4.22308e+01, 1.23329e-02
4.23077e+01, 1.22659e-02
4.23846e+01, 1.21993e-02
4.24615e+01, 1.21330e-02
4.25385e+01, 1.20670e-02
4.26154e+01, 1.20015e-02
4.26923e+01, 1.19363e-02
4.27692e+01, 1.18714e-02
4.28462e+01, 1.18069e-02
4.29231e+01, 1.17427e-02
4.30000e+01, 1.16789e-02
4.30769e+01, 1.16154e-02
4.31538e+01, 1.15523e-02
4.32308e+01, 1.14895e-02
4.33077e+01, 1.14271e-02
4.33846e+01, 1.13650e-02
4.34615e+01, 1.13032e-02
4.35385e+01, 1.12418e-02
4.36154e+01, 1.11807e-02
4.36923e+01, 1.11199e-02
4.37692e+01, 1.10595e-02
4.38462e+01, 1.09994e-02
4.39231e+01, 1.09396e-02
4.40000e+01, 1.08802e-02
4.40769e+01, 1.08210e-02
4.41538e+01, 1.07622e-02
4.42308e+01, 1.07037e-02
4.43077e+01, 1.06455e-02
4.43846e+01, 1.05877e-02
4.44615e+01, 1.05301e-02
4.45385e+01, 1.04729e-02
4.46154e+01, 1.04160e-02
4.46923e+01, 1.03593e-02
4.47692e+01, 1.03030e-02
4.48462e+01, 1.02470e-02
4.49231e+01, 1.01913e-02
4.50000e+01, 1.01359e-02
4.50769e+01, 1.00808e-02
4.51538e+01, 1.00260e-02
4.52308e+01, 9.97152e-03
4.53077e+01, 9.91731e-03
4.53846e+01, 9.86340e-03
4.54615e+01, 9.80978e-03
4.55385e+01, 9.75645e-03
4.56154e+01, 9.70341e-03
4.56923e+01, 9.65066e-03
4.57692e+01, 9.59819e-03
4.58462e+01, 9.54601e-03
4.59231e+01, 9.49411e-03
4.60000e+01, 9.44250e-03
4.60769e+01, 9.39116e-03
4.61538e+01, 9.34010e-03
4.62308e+01, 9.28932e-03
4.63077e+01, 9.23882e-03
4.63846e+01, 9.18859e-03
4.64615e+01, 9.13863e-03
4.65385e+01, 9.08894e-03
4.66154e+01, 9.03952e-03
4.66923e+01, 8.99038e-03
4.67692e+01, 8.94149e-03
4.68462e+01, 8.89288e-03
4.69231e+01, 8.84452e-03
4.70000e+01, 8.79643e-03
4.70769e+01, 8.74860e-03
4.71538e+01, 8.70103e-03
4.72308e+01, 8.65372e-03
4.73077e+01, 8.60667e-03
4.73846e+01, 8.55987e-03
4.74615e+01, 8.51332e-03
4.75385e+01, 8.46703e-03
4.76154e+01, 8.42099e-03
4.76923e+01, 8.37520e-03
4.77692e+01, 8.32966e-03
4.78462e+01, 8.28436e-03
4.79231e+01, 8.23931e-03
4.80000e+01, 8.19451e-03
4.80769e+01, 8.14995e-03
4.81538e+01, 8.10563e-03
4.82308e+01, 8.06155e-03
4.83077e+01, 8.01771e-03
4.83846e+01, 7.97411e-03
4.84615e+01, 7.93074e-03
4.85385e+01, 7.88761e-03
4.86154e+01, 7.84472e-03
4.86923e+01, 7.80206e-03
4.87692e+01, 7.75963e-03
4.88462e+01, 7.71743e-03
4.89231e+01, 7.67546e-03
4.90000e+01, 7.63371e-03
4.90769e+01, 7.59220e-03
4.91538e+01, 7.55091e-03
4.92308e+01, 7.50984e-03
4.93077e+01, 7.46900e-03
4.93846e+01, 7.42838e-03
4.94615e+01, 7.38798e-03
4.95385e+01, 7.34779e-03
4.96154e+01, 7.30783e-03
4.96923e+01, 7.26809e-03
4.97692e+01, 7.22856e-03
4.98462e+01, 7.18924e-03
4.99231e+01, 7.15014e-03
5.00000e+01, 7.11125e-03
5.00769e+01, 7.07257e-03
5.01538e+01, 7.03410e-03
5.02308e+01, 6.99584e-03
5.03077e+01, 6.95779e-03
5.03846e+01, 6.91995e-03
5.04615e+01, 6.88231e-03
5.05385e+01, 6.84487e-03
5.06154e+01, 6.80764e-03
5.06923e+01, 6.77061e-03
5.07692e+01, 6.73379e-03
5.08462e+01, 6.69716e-03
5.09231e+01, 6.66073e-03
5.10000e+01, 6.62450e-03
5.10769e+01, 6.58847e-03
5.11538e+01, 6.55263e-03
5.12308e+01, 6.51698e-03
5.13077e+01, 6.48153e-03
5.13846e+01, 6.44628e-03
5.14615e+01, 6.41121e-03
5.15385e+01, 6.37634e-03
5.16154e+01, 6.34165e-03
5.16923e+01, 6.30715e-03
5.17692e+01, 6.27284e-03
5.18462e+01, 6.23872e-03
5.19231e+01, 6.20478e-03
5.20000e+01, 6.17103e-03
5.20769e+01, 6.13746e-03
5.21538e+01, 6.10407e-03
5.22308e+01, 6.07087e-03
5.23077e+01, 6.03784e-03
5.23846e+01, 6.00499e-03
5.24615e+01, 5.97233e-03
5.25385e+01, 5.93984e-03
5.26154e+01, 5.90752e-03
5.26923e+01, 5.87538e-03
5.27692e+01, 5.84342e-03
5.28462e+01, 5.81163e-03
5.29231e+01, 5.78001e-03
5.30000e+01, 5.74857e-03
5.30769e+01, 5.71730e-03
5.31538e+01, 5.68619e-03
5.32308e+01, 5.65526e-03
5.33077e+01, 5.62449e-03
5.33846e+01, 5.59389e-03
5.34615e+01, 5.56346e-03
5.35385e+01, 5.53319e-03
5.36154e+01, 5.50308e-03
5.36923e+01, 5.47314e-03
5.37692e+01, 5.44337e-03
5.38462e+01, 5.41375e-03
5.39231e+01, 5.38430e-03
5.40000e+01, 5.35500e-03
5.40769e+01, 5.32587e-03
5.41538e+01, 5.29689e-03
5.42308e+01, 5.26807e-03
5.43077e+01, 5.23941e-03
5.43846e+01, 5.21090e-03
5.44615e+01, 5.18255e-03
5.45385e+01, 5.15435e-03
5.46154e+01, 5.12631e-03
5.46923e+01, 5.09842e-03
5.47692e+01, 5.07068e-03
5.48462e+01, 5.04309e-03
5.49231e+01, 5.01565e-03
5.50000e+01, 4.98836e-03
5.50769e+01, 4.96122e-03
5.51538e+01, 4.93422e-03
5.52308e+01, 4.90737e-03
5.53077e+01, 4.88067e-03
5.53846e+01, 4.85412e-03
5.54615e+01, 4.82770e-03
5.55385e+01, 4.80144e-03
5.56154e+01, 4.77531e-03
5.56923e+01, 4.74933e-03
5.57692e+01, 4.72348e-03
5.58462e+01, 4.69778e-03
5.59231e+01, 4.67222e-03
5.60000e+01, 4.64680e-03
5.60769e+01, 4.62151e-03
5.61538e+01, 4.59636e-03
5.62308e+01, 4.57135e-03
5.63077e+01, 4.54648e-03
5.63846e+01, 4.52174e-03
5.64615e+01, 4.49713e-03
5.65385e+01, 4.47266e-03
5.66154e+01, 4.44832e-03
5.66923e+01, 4.42412e-03
5.67692e+01, 4.40004e-03
5.68462e+01, 4.37610e-03
5.69231e+01, 4.35229e-03
5.70000e+01, 4.32860e-03
5.70769e+01, 4.30505e-03
5.71538e+01, 4.28162e-03
5.72308e+01, 4.25832e-03
5.73077e+01, 4.23515e-03
5.73846e+01, 4.21210e-03
5.74615e+01, 4.18918e-03
5.75385e+01, 4.16639e-03
5.76154e+01, 4.14371e-03
5.76923e+01, 4.12116e-03
5.77692e+01, 4.09874e-03
5.78462e+01, 4.07643e-03
5.79231e+01, 4.05425e-03
5.80000e+01, 4.03219e-03
5.80769e+01, 4.01024e-03
5.81538e+01, 3.98842e-03
5.82308e+01, 3.96671e-03
5.83077e+01, 3.94513e-03
5.83846e+01, 3.92366e-03
5.84615e+01, 3.90230e-03
5.85385e+01, 3.88107e-03
5.86154e+01, 3.85995e-03
5.86923e+01, 3.83894e-03
5.87692e+01, 3.81805e-03
5.88462e+01, 3.79727e-03
5.89231e+01, 3.77660e-03
5.90000e+01, 3.75605e-03
5.90769e+01, 3.73561e-03
5.91538e+01, 3.71528e-03
5.92308e+01, 3.69506e-03
5.93077e+01, 3.67495e-03
5.93846e+01, 3.65495e-03
5.94615e+01, 3.63506e-03
5.95385e+01, 3.61528e-03
5.96154e+01, 3.59560e-03
5.96923e+01, 3.57603e-03
5.97692e+01, 3.55657e-03
5.98462e+01, 3.53721e-03
5.99231e+01, 3.51796e-03
6.00000e+01, 3.49882e-03
6.00769e+01, 3.47977e-03
6.01538e+01, 3.46084e-03
6.02308e+01, 3.44200e-03
6.03077e+01, 3.42327e-03
6.03846e+01, 3.40463e-03
6.04615e+01, 3.38611e-03
6.05385e+01, 3.36768e-03
6.06154e+01, 3.34935e-03
6.06923e+01, 3.33112e-03
6.07692e+01, 3.31299e-03
6.08462e+01, 3.29496e-03
6.09231e+01, 3.27702e-03
6.10000e+01, 3.25919e-03
6.10769e+01, 3.24145e-03
6.11538e+01, 3.22381e-03
6.12308e+01, 3.20626e-03
6.13077e+01, 3.18881e-03
6.13846e+01, 3.17145e-03
6.14615e+01, 3.15419e-03
6.15385e+01, 3.13702e-03
6.16154e+01, 3.11995e-03
6.16923e+01, 3.10297e-03
6.17692e+01, 3.08608e-03
6.18462e+01, 3.06928e-03
6.19231e+01, 3.05258e-03
6.20000e+01, 3.03596e-03
6.20769e+01, 3.01944e-03
6.21538e+01, 3.00300e-03
6.22308e+01, 2.98666e-03
6.23077e+01, 2.97040e-03
6.23846e+01, 2.95423e-03
6.24615e+01, 2.93815e-03
6.25385e+01, 2.92216e-03
6.26154e+01, 2.90626e-03
6.26923e+01, 2.89044e-03
6.27692e+01, 2.87470e-03
6.28462e+01, 2.85906e-03
6.29231e+01, 2.84349e-03
6.30000e+01, 2.82802e-03
6.30769e+01, 2.81262e-03
6.31538e+01, 2.79731e-03
6.32308e+01, 2.78209e-03
6.33077e+01, 2.76694e-03
6.33846e+01, 2.75188e-03
6.34615e+01, 2.73691e-03
6.35385e+01, 2.72201e-03
6.36154e+01, 2.70719e-03
6.36923e+01, 2.69246e-03
6.37692e+01, 2.67780e-03
6.38462e+01, 2.66322e-03
6.39231e+01, 2.64873e-03
6.40000e+01, 2.63431e-03
6.40769e+01, 2.61997e-03
6.41538e+01, 2.60571e-03
6.42308e+01, 2.59152e-03
6.43077e+01, 2.57742e-03
6.43846e+01, 2.56339e-03
6.44615e+01, 2.54943e-03
6.45385e+01, 2.53556e-03
6.46154e+01, 2.52176e-03
6.46923e+01, 2.50803e-03
6.47692e+01, 2.49438e-03
6.48462e+01, 2.48080e-03
6.49231e+01, 2.46729e-03
6.50000e+01, 2.45386e-03
6.50769e+01, 2.44051e-03
6.51538e+01, 2.42722e-03
6.52308e+01, 2.41401e-03
6.53077e+01, 2.40087e-03
6.53846e+01, 2.38780e-03
6.54615e+01, 2.37480e-03
6.55385e+01, 2.36187e-03
6.56154e+01, 2.34902e-03
6.56923e+01, 2.33623e-03
6.57692e+01, 2.32351e-03
6.58462e+01, 2.31086e-03
6.59231e+01, 2.29828e-03
6.60000e+01, 2.28577e-03
6.60769e+01, 2.27333e-03
6.61538e+01, 2.26095e-03
6.62308e+01, 2.24865e-03
6.63077e+01, 2.23641e-03
6.63846e+01, 2.22423e-03
6.64615e+01, 2.21212e-03
6.65385e+01, 2.20008e-03
6.66154e+01, 2.18810e-03
6.66923e+01, 2.17619e-03
6.67692e+01, 2.16435e-03
6.68462e+01, 2.15256e-03
6.69231e+01, 2.14085e-03
6.70000e+01, 2.12919e-03
6.70769e+01, 2.11760e-03
6.71538e+01, 2.10607e-03
6.72308e+01, 2.09461e-03
6.73077e+01, 2.08320e-03
6.73846e+01, 2.07186e-03
6.74615e+01, 2.06059e-03
6.75385e+01, 2.04937e-03
6.76154e+01, 2.03821e-03
6.76923e+01, 2.02712e-03
6.77692e+01, 2.01608e-03
6.78462e+01, 2.00510e-03
6.79231e+01, 1.99419e-03
6.80000e+01, 1.98333e-03
6.80769e+01, 1.97254e-03
6.81538e+01, 1.96180e-03
6.82308e+01, 1.95112e-03
6.83077e+01, 1.94050e-03
6.83846e+01, 1.92993e-03
6.84615e+01, 1.91942e-03
6.85385e+01, 1.90898e-03
6.86154e+01, 1.89858e-03
6.86923e+01, 1.88825e-03
6.87692e+01, 1.87797e-03
6.88462e+01, 1.86774e-03
6.89231e+01, 1.85758e-03
6.90000e+01, 1.84746e-03
6.90769e+01, 1.83740e-03
6.91538e+01, 1.82740e-03
6.92308e+01, 1.81745e-03
6.93077e+01, 1.80756e-03
6.93846e+01, 1.79772e-03
6.94615e+01, 1.78793e-03
6.95385e+01, 1.77820e-03
6.96154e+01, 1.76852e-03
6.96923e+01, 1.75889e-03
6.97692e+01, 1.74931e-03
6.98462e+01, 1.73979e-03
6.99231e+01, 1.73032e-03
7.00000e+01, 1.72090e-03
7.00769e+01, 1.71153e-03
7.01538e+01, 1.70221e-03
7.02308e+01, 1.69294e-03
7.03077e+01, 1.68373e-03
7.03846e+01, 1.67456e-03
7.04615e+01, 1.66544e-03
7.05385e+01, 1.65638e-03
7.06154e+01, 1.64736e-03
7.06923e+01, 1.63839e-03
7.07692e+01, 1.62947e-03
7.08462e+01, 1.62060e-03
7.09231e+01, 1.61177e-03
7.10000e+01, 1.60300e-03
7.10769e+01, 1.59427e-03
7.11538e+01, 1.58559e-03
7.12308e+01, 1.57696e-03
7.13077e+01, 1.56837e-03
7.13846e+01, 1.55984e-03
7.14615e+01, 1.55134e-03
7.15385e+01, 1.54290e-03
7.16154e+01, 1.53450e-03
7.16923e+01, 1.52614e-03
7.17692e+01, 1.51783e-03
7.18462e+01, 1.50957e-03
7.19231e+01, 1.50135e-03
7.20000e+01, 1.49318e-03
7.20769e+01, 1.48505e-03
7.21538e+01, 1.47696e-03
7.22308e+01, 1.46892e-03
7.23077e+01, 1.46092e-03
7.23846e+01, 1.45297e-03
7.24615e+01, 1.44506e-03
7.25385e+01, 1.43719e-03
7.26154e+01, 1.42937e-03
7.26923e+01, 1.42158e-03
7.27692e+01, 1.41384e-03
7.28462e+01, 1.40615e-03
7.29231e+01, 1.39849e-03
7.30000e+01, 1.39088e-03
7.30769e+01, 1.38330e-03
7.31538e+01, 1.37577e-03
7.32308e+01, 1.36828e-03
7.33077e+01, 1.36083e-03
7.33846e+01, 1.35342e-03
7.34615e+01, 1.34605e-03
7.35385e+01, 1.33872e-03
7.36154e+01, 1.33144e-03
7.36923e+01, 1.32419e-03
7.37692e+01, 1.31698e-03
7.38462e+01, 1.30981e-03
7.39231e+01, 1.30267e-03
7.40000e+01, 1.29558e-03
7.40769e+01, 1.28853e-03
7.41538e+01, 1.28151e-03
7.42308e+01, 1.27454e-03
7.43077e+01, 1.26760e-03
7.43846e+01, 1.26069e-03
7.44615e+01, 1.25383e-03
7.45385e+01, 1.24700e-03
7.46154e+01, 1.24021e-03
7.46923e+01, 1.23346e-03
7.47692e+01, 1.22674e-03
7.48462e+01, 1.22007e-03
7.49231e+01, 1.21342e-03
7.50000e+01, 1.20682e-03
7.50769e+01, 1.20024e-03
7.51538e+01, 1.19371e-03
7.52308e+01, 1.18721e-03
7.53077e+01, 1.18075e-03
7.53846e+01, 1.17432e-03
7.54615e+01, 1.16792e-03
7.55385e+01, 1.16156e-03
7.56154e+01, 1.15524e-03
7.56923e+01, 1.14895e-03
7.57692e+01, 1.14269e-03
7.58462e+01, 1.13647e-03
7.59231e+01, 1.13028e-03
7.60000e+01, 1.12413e-03
7.60769e+01, 1.11801e-03
7.61538e+01, 1.11192e-03
7.62308e+01, 1.10587e-03
7.63077e+01, 1.09985e-03
7.63846e+01, 1.09386e-03
7.64615e+01, 1.08790e-03
7.65385e+01, 1.08198e-03
7.66154e+01, 1.07609e-03
7.66923e+01, 1.07023e-03
7.67692e+01, 1.06440e-03
7.68462e+01, 1.05860e-03
7.69231e+01, 1.05284e-03
7.70000e+01, 1.04711e-03
7.70769e+01, 1.04141e-03
7.71538e+01, 1.03574e-03
7.72308e+01, 1.03010e-03
7.73077e+01, 1.02449e-03
7.73846e+01, 1.01891e-03
7.74615e+01, 1.01336e-03
7.75385e+01, 1.00784e-03
7.76154e+01, 1.00236e-03
7.76923e+01, 9.96898e-04
7.77692e+01, 9.91470e-04
7.78462e+01, 9.86071e-04
7.79231e+01, 9.80702e-04
7.80000e+01, 9.75362e-04
7.80769e+01, 9.70051e-04
7.81538e+01, 9.64769e-04
7.82308e+01, 9.59516e-04
7.83077e+01, 9.54291e-04
7.83846e+01, 9.49095e-04
7.84615e+01, 9.43927e-04
7.85385e+01, 9.38787e-04
7.86154e+01, 9.33675e-04
7.86923e+01, 9.28591e-04
7.87692e+01, 9.23535e-04
7.88462e+01, 9.18506e-04
7.89231e+01, 9.13505e-04
7.90000e+01, 9.08531e-04
7.90769e+01, 9.03584e-04
7.91538e+01, 8.98664e-04
7.92308e+01, 8.93770e-04
7.93077e+01, 8.88904e-04
7.93846e+01, 8.84063e-04
7.94615e+01, 8.79249e-04
7.95385e+01, 8.74462e-04
7.96154e+01, 8.69700e-04
7.96923e+01, 8.64965e-04
7.97692e+01, 8.60255e-04
7.98462e+01, 8.55570e-04
7.99231e+01, 8.50912e-04
8.00000e+01, 8.46278e-04
8.00769e+01, 8.41670e-04
8.01538e+01, 8.37087e-04
8.02308e+01, 8.32529e-04
8.03077e+01, 8.27996e-04
8.03846e+01, 8.23487e-04
8.04615e+01, 8.19003e-04
8.05385e+01, 8.14543e-04
8.06154e+01, 8.10108e-04
8.06923e+01, 8.05697e-04
8.07692e+01, 8.01309e-04
8.08462e+01, 7.96946e-04
8.09231e+01, 7.92606e-04
8.10000e+01, 7.88290e-04
8.10769e+01, 7.83998e-04
8.11538e+01, 7.79729e-04
8.12308e+01, 7.75483e-04
8.13077e+01, 7.71260e-04
8.13846e+01, 7.67060e-04
8.14615e+01, 7.62884e-04
8.15385e+01, 7.58729e-04
8.16154e+01, 7.54598e-04
8.16923e+01, 7.50489e-04
8.17692e+01, 7.46402e-04
8.18462e+01, 7.42338e-04
8.19231e+01, 7.38296e-04
8.20000e+01, 7.34275e-04
8.20769e+01, 7.30277e-04
8.21538e+01, 7.26300e-04
8.22308e+01, 7.22345e-04
8.23077e+01, 7.18412e-04
8.23846e+01, 7.14500e-04
8.24615e+01, 7.10609e-04
8.25385e+01, 7.06740e-04
8.26154e+01, 7.02891e-04
8.26923e+01, 6.99064e-04
8.27692e+01, 6.95257e-04
8.28462e+01, 6.91471e-04
8.29231e+01, 6.87706e-04
8.30000e+01, 6.83961e-04
8.30769e+01, 6.80236e-04
8.31538e+01, 6.76532e-04
8.32308e+01, 6.72848e-04
8.33077e+01, 6.69184e-04
8.33846e+01, 6.65540e-04
8.34615e+01, 6.61916e-04
8.35385e+01, 6.58312e-04
8.36154e+01, 6.54727e-04
8.36923e+01, 6.51161e-04
8.37692e+01, 6.47616e-04
8.38462e+01, 6.44089e-04
8.39231e+01, 6.40582e-04
8.40000e+01, 6.37093e-04
8.40769e+01, 6.33624e-04
8.41538e+01, 6.30174e-04
8.42308e+01, 6.26742e-04
8.43077e+01, 6.23329e-04
8.43846e+01, 6.19935e-04
8.44615e+01, 6.16559e-04
8.45385e+01, 6.13201e-04
8.46154e+01, 6.09862e-04
8.46923e+01, 6.06541e-04
8.47692e+01, 6.03238e-04
8.48462e+01, 5.99953e-04
8.49231e+01, 5.96686e-04
8.50000e+01, 5.93437e-04
8.50769e+01, 5.90205e-04
8.51538e+01, 5.86991e-04
8.52308e+01, 5.83795e-04
8.53077e+01, 5.80616e-04
8.53846e+01, 5.77454e-04
8.54615e+01, 5.74309e-04
8.55385e+01, 5.71182e-04
8.56154e+01, 5.68072e-04
8.56923e+01, 5.64978e-04
8.57692e+01, 5.61901e-04
8.58462e+01, 5.58842e-04
8.59231e+01, 5.55798e-04
8.60000e+01, 5.52772e-04
8.60769e+01, 5.49762e-04
8.61538e+01, 5.46768e-04
8.62308e+01, 5.43790e-04
8.63077e+01, 5.40829e-04
8.63846e+01, 5.37884e-04
8.64615e+01, 5.34955e-04
8.65385e+01, 5.32042e-04
8.66154e+01, 5.29144e-04
8.66923e+01, 5.26263e-04
8.67692e+01, 5.23397e-04
8.68462e+01, 5.20547e-04
8.69231e+01, 5.17712e-04
8.70000e+01, 5.14893e-04
8.70769e+01, 5.12089e-04
8.71538e+01, 5.09300e-04
8.72308e+01, 5.06527e-04
8.73077e+01, 5.03768e-04
8.73846e+01, 5.01025e-04
8.74615e+01, 4.98296e-04
8.75385e+01, 4.95583e-04
8.76154e+01, 4.92884e-04
8.76923e+01, 4.90200e-04
8.77692e+01, 4.87530e-04
8.78462e+01, 4.84876e-04
8.79231e+01, 4.82235e-04
8.80000e+01, 4.79609e-04
8.80769e+01, 4.76997e-04
8.81538e+01, 4.74400e-04
8.82308e+01, 4.71816e-04
8.83077e+01, 4.69247e-04
8.83846e+01, 4.66691e-04
8.84615e+01, 4.64150e-04
8.85385e+01, 4.61622e-04
8.86154e+01, 4.59108e-04
8.86923e+01, 4.56608e-04
8.87692e+01, 4.54122e-04
8.88462e+01, 4.51649e-04
8.89231e+01, 4.49189e-04
8.90000e+01, 4.46743e-04
8.90769e+01, 4.44310e-04
8.91538e+01, 4.41890e-04
8.92308e+01, 4.39484e-04
8.93077e+01, 4.37091e-04
8.93846e+01, 4.34710e-04
8.94615e+01, 4.32343e-04
8.95385e+01, 4.29988e-04
8.96154e+01, 4.27647e-04
8.96923e+01, 4.25318e-04
8.97692e+01, 4.23002e-04
8.98462e+01, 4.20698e-04
8.99231e+01, 4.18407e-04
9.00000e+01, 4.16129e-04
9.00769e+01, 4.13862e-04
9.01538e+01, 4.11609e-04
9.02308e+01, 4.09367e-04
9.03077e+01, 4.07138e-04
9.03846e+01, 4.04921e-04
9.04615e+01, 4.02715e-04
9.05385e+01, 4.00522e-04
9.06154e+01, 3.98341e-04
9.06923e+01, 3.96172e-04
9.07692e+01, 3.94014e-04
9.08462e+01, 3.91869e-04
9.09231e+01, 3.89735e-04
9.10000e+01, 3.87612e-04
9.10769e+01, 3.85501e-04
9.11538e+01, 3.83402e-04
9.12308e+01, 3.81314e-04
9.13077e+01, 3.79237e-04
9.13846e+01, 3.77172e-04
9.14615e+01, 3.75118e-04
9.15385e+01, 3.73075e-04
9.16154e+01, 3.71043e-04
9.16923e+01, 3.69023e-04
9.17692e+01, 3.67013e-04
9.18462e+01, 3.65014e-04
9.19231e+01, 3.63027e-04
9.20000e+01, 3.61050e-04
9.20769e+01, 3.59083e-04
9.21538e+01, 3.57128e-04
9.22308e+01, 3.55183e-04
9.23077e+01, 3.53249e-04
9.23846e+01, 3.51325e-04
9.24615e+01, 3.49412e-04
9.25385e+01, 3.47509e-04
9.26154e+01, 3.45616e-04
9.26923e+01, 3.43734e-04
9.27692e+01, 3.41862e-04
9.28462e+01, 3.40000e-04
9.29231e+01, 3.38149e-04
9.30000e+01, 3.36307e-04
9.30769e+01, 3.34476e-04
9.31538e+01, 3.32654e-04
9.32308e+01, 3.30842e-04
9.33077e+01, 3.29041e-04
9.33846e+01, 3.27249e-04
9.34615e+01, 3.25467e-04
9.35385e+01, 3.23694e-04
9.36154e+01, 3.21931e-04
9.36923e+01, 3.20178e-04
9.37692e+01, 3.18434e-04
9.38462e+01, 3.16700e-04
9.39231e+01, 3.14975e-04
9.40000e+01, 3.13260e-04
9.40769e+01, 3.11554e-04
9.41538e+01, 3.09857e-04
9.42308e+01, 3.08170e-04
9.43077e+01, 3.06492e-04
9.43846e+01, 3.04822e-04
9.44615e+01, 3.03162e-04
9.45385e+01, 3.01511e-04
9.46154e+01, 2.99869e-04
9.46923e+01, 2.98236e-04
9.47692e+01, 2.96612e-04
9.48462e+01, 2.94997e-04
9.49231e+01, 2.93390e-04
9.50000e+01, 2.91792e-04
9.50769e+01, 2.90203e-04
9.51538e+01, 2.88623e-04
9.52308e+01, 2.87051e-04
9.53077e+01, 2.85488e-04
9.53846e+01, 2.83933e-04
9.54615e+01, 2.82387e-04
9.55385e+01, 2.80849e-04
9.56154e+01, 2.79319e-04
9.56923e+01, 2.77798e-04
9.57692e+01, 2.76285e-04
9.58462e+01, 2.74780e-04
9.59231e+01, 2.73284e-04
9.60000e+01, 2.71796e-04
9.60769e+01, 2.70315e-04
9.61538e+01, 2.68843e-04
9.62308e+01, 2.67379e-04
9.63077e+01, 2.65923e-04
9.63846e+01, 2.64475e-04
9.64615e+01, 2.63034e-04
9.65385e+01, 2.61602e-04
9.66154e+01, 2.60177e-04
9.66923e+01, 2.58760e-04
9.67692e+01, 2.57351e-04
9.68462e+01, 2.55949e-04
9.69231e+01, 2.54555e-04
9.70000e+01, 2.53169e-04
9.70769e+01, 2.51790e-04
9.71538e+01, 2.50419e-04
9.72308e+01, 2.49055e-04
9.73077e+01, 2.47699e-04
9.73846e+01, 2.46350e-04
9.74615e+01, 2.45008e-04
9.75385e+01, 2.43674e-04
9.76154e+01, 2.42347e-04
9.76923e+01, 2.41027e-04
9.77692e+01, 2.39714e-04
9.78462e+01, 2.38409e-04
9.79231e+01, 2.37110e-04
9.80000e+01, 2.35819e-04
9.80769e+01, 2.34535e-04
9.81538e+01, 2.33257e-04
9.82308e+01, 2.31987e-04
9.83077e+01, 2.30724e-04
9.83846e+01, 2.29467e-04
9.84615e+01, 2.28217e-04
9.85385e+01, 2.26975e-04
9.86154e+01, 2.25738e-04
9.86923e+01, 2.24509e-04
9.87692e+01, 2.23286e-04
9.88462e+01, 2.22070e-04
9.89231e+01, 2.20861e-04
9.90000e+01, 2.19658e-04
9.90769e+01, 2.18462e-04
9.91538e+01, 2.17272e-04
9.92308e+01, 2.16089e-04
9.93077e+01, 2.14912e-04
9.93846e+01, 2.13741e-04
9.94615e+01, 2.12577e-04
9.95385e+01, 2.11419e-04
9.96154e+01, 2.10268e-04
9.96923e+01, 2.09123e-04
9.97692e+01, 2.07984e-04
9.98462e+01, 2.06851e-04
9.99231e+01, 2.05725e-04
1.00000e+02, 2.04604e-04
1.00077e+02, 2.03490e-04
1.00154e+02, 2.02382e-04
1.00231e+02, 2.01280e-04
1.00308e+02, 2.00183e-04
1.00385e+02, 1.99093e-04
1.00462e+02, 1.98009e-04
1.00538e+02, 1.96930e-04
1.00615e+02, 1.95858e-04
1.00692e+02, 1.94791e-04
1.00769e+02, 1.93730e-04
1.00846e+02, 1.92675e-04
1.00923e+02, 1.91626e-04
1.01000e+02, 1.90582e-04
1.01077e+02, 1.89544e-04
1.01154e+02, 1.88512e-04
1.01231e+02, 1.87485e-04
1.01308e+02, 1.86464e-04
1.01385e+02, 1.85449e-04
1.01462e+02, 1.84439e-04
1.01538e+02, 1.83434e-04
1.01615e+02, 1.82435e-04
1.01692e+02, 1.81442e-04
1.01769e+02, 1.80453e-04
1.01846e+02, 1.79471e-04
1.01923e+02, 1.78493e-04
1.02000e+02, 1.77521e-04
1.02077e+02, 1.76554e-04
1.02154e+02, 1.75593e-04
1.02231e+02, 1.74636e-04
1.02308e+02, 1.73685e-04
1.02385e+02, 1.72739e-04
1.02462e+02, 1.71798e-04
1.02538e+02, 1.70863e-04
1.02615e+02, 1.69932e-04
1.02692e+02, 1.69007e-04
1.02769e+02, 1.68086e-04
1.02846e+02, 1.67171e-04
1.02923e+02, 1.66260e-04
1.03000e+02, 1.65355e-04
1.03077e+02, 1.64454e-04
1.03154e+02, 1.63559e-04
1.03231e+02, 1.62668e-04
1.03308e+02, 1.61782e-04
1.03385e+02, 1.60901e-04
1.03462e+02, 1.60025e-04
1.03538e+02, 1.59153e-04
1.03615e+02, 1.58286e-04
1.03692e+02, 1.57424e-04
1.03769e+02, 1.56567e-04
1.03846e+02, 1.55714e-04
1.03923e+02, 1.54866e-04
1.04000e+02, 1.54023e-04
1.04077e+02, 1.53184e-04
1.04154e+02, 1.52349e-04
1.04231e+02, 1.51520e-04
1.04308e+02, 1.50694e-04
1.04385e+02, 1.49874e-04
1.04462e+02, 1.49057e-04
1.04538e+02, 1.48246e-04
1.04615e+02, 1.47438e-04
1.04692e+02, 1.46635e-04
1.04769e+02, 1.45837e-04
1.04846e+02, 1.45042e-04
1.04923e+02, 1.44252e-04
1.05000e+02, 1.43467e-04
1.05077e+02, 1.42685e-04
1.05154e+02, 1.41908e-04
1.05231e+02, 1.41135e-04
1.05308e+02, 1.40367e-04
1.05385e+02, 1.39602e-04
1.05462e+02, 1.38842e-04
1.05538e+02, 1.38086e-04
1.05615e+02, 1.37334e-04
1.05692e+02, 1.36586e-04
1.05769e+02, 1.35842e-04
1.05846e+02, 1.35102e-04
1.05923e+02, 1.34366e-04
1.06000e+02, 1.33634e-04
1.06077e+02, 1.32907e-04
1.06154e+02, 1.32183e-04
1.06231e+02, 1.31463e-04
1.06308e+02, 1.30747e-04
1.06385e+02, 1.30035e-04
1.06462e+02, 1.29326e-04
1.06538e+02, 1.28622e-04
1.06615e+02, 1.27922e-04
1.06692e+02, 1.27225e-04
1.06769e+02, 1.26532e-04
1.06846e+02, 1.25843e-04
1.06923e+02, 1.25157e-04
1.07000e+02, 1.24476e-04
1.07077e+02, 1.23798e-04
1.07154e+02, 1.23124e-04
1.07231e+02, 1.22453e-04
1.07308e+02, 1.21786e-04
1.07385e+02, 1.21123e-04
1.07462e+02, 1.20463e-04
1.07538e+02, 1.19807e-04
1.07615e+02, 1.19154e-04
1.07692e+02, 1.18506e-04
1.07769e+02, 1.17860e-04
1.07846e+02, 1.17218e-04
1.07923e+02, 1.16580e-04
1.08000e+02, 1.15945e-04
1.08077e+02, 1.15313e-04
1.08154e+02, 1.14685e-04
1.08231e+02, 1.14061e-04
1.08308e+02, 1.13439e-04
1.08385e+02, 1.12822e-04
1.08462e+02, 1.12207e-04
1.08538e+02, 1.11596e-04
1.08615e+02, 1.10988e-04
1.08692e+02, 1.10384e-04
1.08769e+02, 1.09783e-04
1.08846e+02, 1.09185e-04
1.08923e+02, 1.08590e-04
1.09000e+02, 1.07999e-04
1.09077e+02, 1.07410e-04
1.09154e+02, 1.06825e-04
1.09231e+02, 1.06243e-04
1.09308e+02, 1.05665e-04
1.09385e+02, 1.05089e-04
1.09462e+02, 1.04517e-04
1.09538e+02, 1.03948e-04
1.09615e+02, 1.03382e-04
1.09692e+02, 1.02819e-04
1.09769e+02, 1.02259e-04
1.09846e+02, 1.01702e-04
1.09923e+02, 1.01148e-04
1.10000e+02, 1.00597e-04
1.10077e+02, 1.00049e-04
1.10154e+02, 9.95040e-05
1.10231e+02, 9.89620e-05
1.10308e+02, 9.84230e-05
1.10385e+02, 9.78870e-05
1.10462e+02, 9.73538e-05
1.10538e+02, 9.68236e-05
1.10615e+02, 9.62963e-05
1.10692e+02, 9.57718e-05
1.10769e+02, 9.52502e-05
1.10846e+02, 9.47314e-05
1.10923e+02, 9.42154e-05
1.11000e+02, 9.37023e-05
1.11077e+02, 9.31920e-05
1.11154e+02, 9.26844e-05
1.11231e+02, 9.21796e-05
1.11308e+02, 9.16775e-05
1.11385e+02, 9.11782e-05
1.11462e+02, 9.06816e-05
1.11538e+02, 9.01877e-05
1.11615e+02, 8.96965e-05
1.11692e+02, 8.92080e-05
1.11769e+02, 8.87221e-05
1.11846e+02, 8.82389e-05
1.11923e+02, 8.77583e-05
1.12000e+02, 8.72803e-05
1.12077e+02, 8.68049e-05
1.12154e+02, 8.63322e-05
1.12231e+02, 8.58620e-05
1.12308e+02, 8.53943e-05
1.12385e+02, 8.49292e-05
1.12462e+02, 8.44666e-05
1.12538e+02, 8.40066e-05
1.12615e+02, 8.35491e-05
1.12692e+02, 8.30940e-05
1.12769e+02, 8.26414e-05
1.12846e+02, 8.21913e-05
1.12923e+02, 8.17437e-05
1.13000e+02, 8.12985e-05
1.13077e+02, 8.08557e-05
1.13154e+02, 8.04153e-05
1.13231e+02, 7.99773e-05
1.13308e+02, 7.95417e-05
1.13385e+02, 7.91085e-05
1.13462e+02, 7.86776e-05
1.13538e+02, 7.82491e-05
1.13615e+02, 7.78229e-05
1.13692e+02, 7.73990e-05
1.13769e+02, 7.69775e-05
1.13846e+02, 7.65582e-05
1.13923e+02, 7.61413e-05
1.14000e+02, 7.57265e-05
1.14077e+02, 7.53141e-05
1.14154e+02, 7.49039e-05
1.14231e+02, 7.44959e-05
1.14308e+02, 7.40902e-05
1.14385e+02, 7.36867e-05
1.14462e+02, 7.32853e-05
1.14538e+02, 7.28862e-05
1.14615e+02, 7.24892e-05
1.14692e+02, 7.20944e-05
1.14769e+02, 7.17017e-05
1.14846e+02, 7.13112e-05
1.14923e+02, 7.09228e-05
1.15000e+02, 7.05365e-05
1.15077e+02, 7.01523e-05
1.15154e+02, 6.97702e-05
1.15231e+02, 6.93902e-05
1.15308e+02, 6.90123e-05
1.15385e+02, 6.86364e-05
1.15462e+02, 6.82626e-05
1.15538e+02, 6.78908e-05
1.15615e+02, 6.75210e-05
1.15692e+02, 6.71533e-05
1.15769e+02, 6.67875e-05
1.15846e+02, 6.64237e-05
1.15923e+02, 6.60620e-05
1.16000e+02, 6.57021e-05
1.16077e+02, 6.53443e-05
1.16154e+02, 6.49884e-05
1.16231e+02, 6.46344e-05
1.16308e+02, 6.42824e-05
1.16385e+02, 6.39323e-05
1.16462e+02, 6.35841e-05
1.16538e+02, 6.32378e-05
1.16615e+02, 6.28933e-05
1.16692e+02, 6.25508e-05
1.16769e+02, 6.22101e-05
1.16846e+02, 6.18712e-05
1.16923e+02, 6.15343e-05
1.17000e+02, 6.11991e-05
1.17077e+02, 6.08658e-05
1.17154e+02, 6.05343e-05
1.17231e+02, 6.02046e-05
1.17308e+02, 5.98767e-05
1.17385e+02, 5.95505e-05
1.17462e+02, 5.92262e-05
1.17538e+02, 5.89036e-05
1.17615e+02, 5.85828e-05
1.17692e+02, 5.82637e-05
1.17769e+02, 5.79464e-05
1.17846e+02, 5.76308e-05
1.17923e+02, 5.73169e-05
1.18000e+02, 5.70047e-05
1.18077e+02, 5.66942e-05
1.18154e+02, 5.63854e-05
1.18231e+02, 5.60783e-05
1.18308e+02, 5.57729e-05
1.18385e+02, 5.54691e-05
1.18462e+02, 5.51670e-05
1.18538e+02, 5.48665e-05
1.18615e+02, 5.45677e-05
1.18692e+02, 5.42705e-05
1.18769e+02, 5.39749e-05
1.18846e+02, 5.36809e-05
1.18923e+02, 5.33885e-05
1.19000e+02, 5.30977e-05
1.19077e+02, 5.28085e-05
1.19154e+02, 5.25209e-05
1.19231e+02, 5.22348e-05
1.19308e+02, 5.19503e-05
1.19385e+02, 5.16674e-05
1.19462e+02, 5.13860e-05
1.19538e+02, 5.11061e-05
1.19615e+02, 5.08277e-05
1.19692e+02, 5.05509e-05
1.19769e+02, 5.02756e-05
1.19846e+02, 5.00017e-05
1.19923e+02, 4.97294e-05
1.20000e+02, 4.94585e-05
1.20077e+02, 4.91892e-05
1.20154e+02, 4.89212e-05
1.20231e+02, 4.86548e-05
1.20308e+02, 4.83898e-05
1.20385e+02, 4.81262e-05
1.20462e+02, 4.78641e-05
1.20538e+02, 4.76034e-05
1.20615e+02, 4.73441e-05
1.20692e+02, 4.70862e-05
1.20769e+02, 4.68298e-05
1.20846e+02, 4.65747e-05
1.20923e+02, 4.63210e-05
1.21000e+02, 4.60688e-05
1.21077e+02, 4.58178e-05
1.21154e+02, 4.55683e-05
1.21231e+02, 4.53201e-05
1.21308e+02, 4.50732e-05
1.21385e+02, 4.48277e-05
1.21462e+02, 4.45836e-05
1.21538e+02, 4.43408e-05
1.21615e+02, 4.40992e-05
1.21692e+02, 4.38591e-05
1.21769e+02, 4.36202e-05
1.21846e+02, 4.33826e-05
1.21923e+02, 4.31463e-05
1.22000e+02, 4.29113e-05
1.22077e+02, 4.26776e-05
1.22154e+02, 4.24451e-05
1.22231e+02, 4.22139e-05
1.22308e+02, 4.19840e-05
1.22385e+02, 4.17553e-05
1.22462e+02, 4.15279e-05
1.22538e+02, 4.13017e-05
1.22615e+02, 4.10768e-05
1.22692e+02, 4.08530e-05
1.22769e+02, 4.06305e-05
1.22846e+02, 4.04092e-05
1.22923e+02, 4.01891e-05
1.23000e+02, 3.99702e-05
1.23077e+02, 3.97525e-05
1.23154e+02, 3.95360e-05
1.23231e+02, 3.93207e-05
1.23308e+02, 3.91065e-05
1.23385e+02, 3.88935e-05
1.23462e+02, 3.86817e-05
1.23538e+02, 3.84710e-05
1.23615e+02, 3.82614e-05
1.23692e+02, 3.80530e-05
1.23769e+02, 3.78458e-05
1.23846e+02, 3.76396e-05
1.23923e+02, 3.74346e-05
1.24000e+02, 3.72307e-05
1.24077e+02, 3.70279e-05
1.24154e+02, 3.68263e-05
1.24231e+02, 3.66257e-05
1.24308e+02, 3.64262e-05
1.24385e+02, 3.62278e-05
1.24462e+02, 3.60305e-05
1.24538e+02, 3.58342e-05
1.24615e+02, 3.56391e-05
1.24692e+02, 3.54449e-05
1.24769e+02, 3.52519e-05
1.24846e+02, 3.50599e-05
1.24923e+02, 3.48689e-05
